timestamp_utc,time_s,X_Current,Y_Current,Yaw_Current,Velocity_Current,v_target_CMD,delta_target_CMD,Lookahead_X,Lookahead_Y,Kp,Ld
2025-11-29T11:20:12.792601,0.122,0.0,0.0,-0.0,0.0,0.2,125.443,0.671,0.2,1.0,0.7
2025-11-29T11:20:12.844990,0.174,0.0,0.0,-0.0,0.0,0.2,125.415,0.671,0.2,1.0,0.7
2025-11-29T11:20:12.977599,0.307,0.0,0.0,-0.0,0.0,0.2,125.416,0.671,0.2,1.0,0.7
2025-11-29T11:20:12.980131,0.31,0.0,0.0,-0.0,0.061,0.2,125.434,0.671,0.2,1.0,0.7
2025-11-29T11:20:13.010681,0.34,0.0,0.01,-0.01,0.03,0.2,125.496,0.674,0.2,1.0,0.7
2025-11-29T11:20:13.064842,0.394,0.0,0.01,-0.01,0.051,0.2,125.482,0.674,0.2,1.0,0.7
2025-11-29T11:20:13.120485,0.45,0.0,0.02,-0.02,0.056,0.2,125.47,0.675,0.2,1.0,0.7
2025-11-29T11:20:13.178982,0.508,0.0,0.02,-0.03,0.06,0.2,125.405,0.677,0.2,1.0,0.7
2025-11-29T11:20:13.233884,0.563,0.0,0.02,-0.04,0.091,0.2,125.421,0.678,0.2,1.0,0.7
2025-11-29T11:20:13.286964,0.616,0.0,0.03,-0.04,0.062,0.2,125.468,0.679,0.2,1.0,0.7
2025-11-29T11:20:13.341802,0.671,0.0,0.03,-0.06,0.122,0.2,125.343,0.68,0.2,1.0,0.7
2025-11-29T11:20:13.398253,0.728,0.0,0.04,-0.07,0.07,0.2,125.319,0.682,0.2,1.0,0.7
2025-11-29T11:20:13.452547,0.782,0.0,0.04,-0.08,0.116,0.2,125.299,0.683,0.2,1.0,0.7
2025-11-29T11:20:13.511951,0.841,0.0,0.05,-0.09,0.142,0.2,125.319,0.686,0.2,1.0,0.7
2025-11-29T11:20:13.566097,0.896,0.0,0.06,-0.11,0.132,0.2,125.282,0.689,0.2,1.0,0.7
2025-11-29T11:20:13.620365,0.95,0.0,0.07,-0.12,0.145,0.2,125.236,0.691,0.2,1.0,0.7
2025-11-29T11:20:13.674974,1.004,0.01,0.08,-0.13,0.186,0.2,125.264,0.694,0.2,1.0,0.7
2025-11-29T11:20:13.731714,1.061,0.01,0.08,-0.16,0.183,0.2,125.126,0.697,0.2,1.0,0.7
2025-11-29T11:20:13.784977,1.114,0.01,0.1,-0.18,0.184,0.2,125.112,0.701,0.2,1.0,0.7
2025-11-29T11:20:13.840483,1.17,0.01,0.1,-0.2,0.194,0.2,125.065,0.704,0.2,1.0,0.7
2025-11-29T11:20:13.898290,1.228,0.01,0.12,-0.2,0.205,0.2,125.234,0.708,0.2,1.0,0.7
2025-11-29T11:20:14.025438,1.355,0.02,0.13,-0.24,0.218,0.2,124.963,0.711,0.2,1.0,0.7
2025-11-29T11:20:14.026423,1.356,0.02,0.14,-0.26,0.256,0.2,124.983,0.716,0.2,1.0,0.7
2025-11-29T11:20:14.060101,1.39,0.02,0.15,-0.28,0.24,0.2,124.961,0.721,0.2,1.0,0.7
2025-11-29T11:20:14.116721,1.446,0.03,0.17,-0.28,0.283,0.2,125.178,0.726,0.2,1.0,0.7
2025-11-29T11:20:14.173950,1.503,0.03,0.18,-0.35,0.227,0.2,124.619,0.729,0.2,1.0,0.7
2025-11-29T11:20:14.229612,1.559,0.03,0.19,-0.35,0.242,0.2,124.85,0.735,0.2,1.0,0.7
2025-11-29T11:20:14.290757,1.62,0.04,0.2,-0.39,0.264,0.2,124.503,0.739,0.2,1.0,0.7
2025-11-29T11:20:14.336209,1.666,0.05,0.22,-0.43,0.258,0.2,124.321,0.746,0.2,1.0,0.7
2025-11-29T11:20:14.403402,1.733,0.05,0.23,-0.44,0.292,0.2,124.41,0.751,0.2,1.0,0.7
2025-11-29T11:20:14.445919,1.775,0.06,0.25,-0.49,0.267,0.2,124.078,0.758,0.2,1.0,0.7
2025-11-29T11:20:14.512032,1.841,0.07,0.26,-0.49,0.3,0.2,124.278,0.764,0.2,1.0,0.7
2025-11-29T11:20:14.558181,1.888,0.07,0.27,-0.49,0.267,0.2,124.528,0.771,0.2,1.0,0.7
2025-11-29T11:20:14.632545,1.962,0.08,0.29,-0.59,0.318,0.2,123.588,0.777,0.2,1.0,0.7
2025-11-29T11:20:14.663033,1.992,0.09,0.3,-0.61,0.288,0.2,123.558,0.786,0.2,1.0,0.7
2025-11-29T11:20:14.717929,2.047,0.1,0.31,-0.65,0.295,0.2,123.299,0.792,0.2,1.0,0.7
2025-11-29T11:20:14.819541,2.149,0.11,0.32,-0.68,0.286,0.2,123.133,0.798,0.2,1.0,0.7
2025-11-29T11:20:14.853751,2.183,0.12,0.34,-0.69,0.285,0.2,123.212,0.808,0.2,1.0,0.7
2025-11-29T11:20:14.883334,2.213,0.13,0.35,-0.75,0.285,0.2,122.629,0.815,0.2,1.0,0.7
2025-11-29T11:20:14.968764,2.298,0.14,0.36,-0.77,0.283,0.2,122.549,0.826,0.2,1.0,0.7
2025-11-29T11:20:15.075478,2.405,0.15,0.37,-0.8,0.286,0.2,122.321,0.833,0.2,1.0,0.7
2025-11-29T11:20:15.077410,2.407,0.17,0.39,-0.85,0.317,0.2,121.816,0.844,0.2,1.0,0.7
2025-11-29T11:20:15.104268,2.434,0.18,0.4,-0.86,0.316,0.2,121.892,0.852,0.2,1.0,0.7
2025-11-29T11:20:15.161502,2.491,0.19,0.42,-0.92,0.306,0.2,125.288,0.852,0.2,1.0,0.7
2025-11-29T11:20:15.226399,2.556,0.2,0.43,-0.95,0.325,0.2,121.21,0.863,0.2,1.0,0.7
2025-11-29T11:20:15.274818,2.604,0.21,0.43,-0.98,0.311,0.2,120.759,0.872,0.2,1.0,0.7
2025-11-29T11:20:15.338236,2.668,0.23,0.44,-1.02,0.312,0.2,120.279,0.886,0.2,1.0,0.7
2025-11-29T11:20:15.386553,2.716,0.24,0.45,-1.05,0.299,0.2,119.932,0.896,0.2,1.0,0.7
2025-11-29T11:20:15.435492,2.765,0.26,0.46,-1.05,0.351,0.2,120.29,0.912,0.2,1.0,0.7
2025-11-29T11:20:15.492801,2.822,0.28,0.47,-1.05,0.363,0.2,120.512,0.922,0.2,1.0,0.7
2025-11-29T11:20:15.562196,2.892,0.28,0.49,-0.0,0.312,0.2,124.111,0.921,0.2,1.0,0.7
2025-11-29T11:20:15.599117,2.929,0.3,0.5,-1.19,0.308,0.2,118.598,0.93,0.2,1.0,0.7
2025-11-29T11:20:15.653680,2.983,0.31,0.5,-1.19,0.33,0.2,118.79,0.941,0.2,1.0,0.7
2025-11-29T11:20:15.713775,3.043,0.32,0.51,-1.19,0.321,0.2,118.98,0.952,0.2,1.0,0.7
2025-11-29T11:20:15.763857,3.093,0.34,0.52,-1.29,0.357,0.2,116.939,0.969,0.2,1.0,0.7
2025-11-29T11:20:15.819907,3.149,0.37,0.52,-1.31,0.339,0.2,116.494,0.987,0.2,1.0,0.7
2025-11-29T11:20:15.873289,3.203,0.38,0.53,-1.35,0.35,0.2,115.684,1.001,0.2,1.0,0.7
2025-11-29T11:20:15.930102,3.26,0.4,0.53,-1.39,0.377,0.2,114.958,1.021,0.2,1.0,0.7
2025-11-29T11:20:15.983742,3.313,0.42,0.53,-1.39,0.357,0.2,115.087,1.035,0.2,1.0,0.7
2025-11-29T11:20:16.124708,3.454,0.44,0.54,-1.39,0.354,0.2,115.276,1.056,0.2,1.0,0.7
2025-11-29T11:20:16.126260,3.456,0.46,0.54,-1.47,0.343,0.2,112.84,1.07,0.2,1.0,0.7
2025-11-29T11:20:16.148002,3.477,0.48,0.54,-1.47,0.348,0.2,112.951,1.093,0.2,1.0,0.7
2025-11-29T11:20:16.214832,3.544,0.51,0.54,-1.54,0.389,0.2,110.93,1.116,0.2,1.0,0.7
2025-11-29T11:20:16.269395,3.599,0.52,0.54,-1.54,0.352,0.2,110.954,1.132,0.2,1.0,0.7
2025-11-29T11:20:16.324454,3.654,0.55,0.54,-1.57,0.36,0.2,110.103,1.157,0.2,1.0,0.7
2025-11-29T11:20:16.379372,3.709,0.56,0.54,-1.6,0.394,0.2,109.019,1.173,0.2,1.0,0.7
2025-11-29T11:20:16.456864,3.786,0.59,0.54,-1.64,0.365,0.2,107.666,1.197,0.2,1.0,0.7
2025-11-29T11:20:16.489804,3.819,0.6,0.54,-1.64,0.353,0.2,107.601,1.215,0.2,1.0,0.7
2025-11-29T11:20:16.544966,3.874,0.63,0.54,-1.68,0.401,0.2,105.94,1.241,0.2,1.0,0.7
2025-11-29T11:20:16.598397,3.928,0.65,0.54,-1.68,0.376,0.2,105.832,1.259,0.2,1.0,0.7
2025-11-29T11:20:16.664443,3.994,0.67,0.53,-1.72,0.373,0.2,104.17,1.284,0.2,1.0,0.7
2025-11-29T11:20:16.720278,4.05,0.69,0.53,-1.73,0.402,0.2,103.509,1.303,0.2,1.0,0.7
2025-11-29T11:20:16.764072,4.094,0.71,0.53,-1.76,0.366,0.2,102.412,1.329,0.2,1.0,0.7
2025-11-29T11:20:16.817037,4.146,0.73,0.52,-1.77,0.351,0.2,101.662,1.346,0.2,1.0,0.7
2025-11-29T11:20:16.883717,4.213,0.75,0.52,-1.77,0.388,0.2,101.348,1.374,0.2,1.0,0.7
2025-11-29T11:20:16.926739,4.256,0.77,0.52,-1.8,0.353,0.2,100.084,1.39,0.2,1.0,0.7
2025-11-29T11:20:16.991460,4.321,0.78,0.51,-1.8,0.399,0.2,99.836,1.409,0.2,1.0,0.7
2025-11-29T11:20:17.040574,4.37,0.81,0.51,-1.8,0.393,0.2,99.489,1.435,0.2,1.0,0.7
2025-11-29T11:20:17.174240,4.504,0.83,0.5,-1.83,0.352,0.2,97.705,1.461,0.2,1.0,0.7
2025-11-29T11:20:17.176273,4.506,0.84,0.5,-1.84,0.354,0.2,96.95,1.479,0.2,1.0,0.7
2025-11-29T11:20:17.197373,4.527,0.86,0.49,-1.84,0.356,0.2,96.672,1.496,0.2,1.0,0.7
2025-11-29T11:20:17.273234,4.603,0.88,0.49,-1.86,0.349,0.2,95.71,1.521,0.2,1.0,0.7
2025-11-29T11:20:17.333037,4.662,0.9,0.48,-1.86,0.371,0.2,95.125,1.538,0.2,1.0,0.7
2025-11-29T11:20:17.361728,4.691,0.92,0.47,-1.88,0.351,0.2,94.137,1.562,0.2,1.0,0.7
2025-11-29T11:20:17.440923,4.77,0.94,0.47,-1.88,0.371,0.2,93.597,1.589,0.2,1.0,0.7
2025-11-29T11:20:17.472579,4.802,0.96,0.46,-1.88,0.4,0.2,93.174,1.607,0.2,1.0,0.7
2025-11-29T11:20:17.527975,4.857,0.98,0.45,-1.88,0.365,0.2,92.719,1.632,0.2,1.0,0.7
2025-11-29T11:20:17.583069,4.913,1.0,0.45,-1.88,0.353,0.2,92.177,1.649,0.2,1.0,0.7
2025-11-29T11:20:17.643880,4.973,1.02,0.44,-1.89,0.39,0.2,91.617,1.676,0.2,1.0,0.7
2025-11-29T11:20:17.706247,5.036,1.03,0.44,-1.89,0.366,0.2,91.317,1.693,0.2,1.0,0.7
2025-11-29T11:20:17.748425,5.078,1.06,0.43,-1.89,0.352,0.2,90.843,1.718,0.2,1.0,0.7
2025-11-29T11:20:17.802671,5.132,1.07,0.42,-1.89,0.398,0.2,90.507,1.736,0.2,1.0,0.7
2025-11-29T11:20:17.858404,5.188,1.1,0.42,-1.88,0.364,0.2,90.118,1.763,0.2,1.0,0.7
2025-11-29T11:20:17.912848,5.242,1.11,0.41,-1.88,0.361,0.2,89.809,1.78,0.2,1.0,0.7
2025-11-29T11:20:17.969154,5.299,1.14,0.4,-1.88,0.402,0.2,89.566,1.806,0.2,1.0,0.7
2025-11-29T11:20:18.021705,5.351,1.15,0.4,-1.88,0.378,0.2,89.264,1.822,0.2,1.0,0.7
2025-11-29T11:20:18.079244,5.409,1.18,0.39,-1.87,0.372,0.2,89.008,1.849,0.2,1.0,0.7
2025-11-29T11:20:18.137228,5.467,1.19,0.39,-1.86,0.386,0.2,89.024,1.866,0.2,1.0,0.7
2025-11-29T11:20:18.223242,5.553,1.21,0.38,-1.86,0.351,0.2,88.652,1.891,0.2,1.0,0.7
2025-11-29T11:20:18.257733,5.587,1.24,0.37,-1.86,0.401,0.2,88.345,1.918,0.2,1.0,0.7
2025-11-29T11:20:18.309205,5.639,1.26,0.37,-1.86,0.416,0.2,88.031,1.936,0.2,1.0,0.7
2025-11-29T11:20:18.368982,5.698,1.28,0.36,-1.85,0.401,0.2,88.059,1.961,0.2,1.0,0.7
2025-11-29T11:20:18.430657,5.76,1.31,0.35,-1.84,0.383,0.2,87.962,1.988,0.2,1.0,0.7
2025-11-29T11:20:18.483242,5.813,1.32,0.35,-1.84,0.369,0.2,87.682,2.006,0.2,1.0,0.7
2025-11-29T11:20:18.535074,5.865,1.35,0.34,-1.84,0.415,0.2,87.268,2.031,0.2,1.0,0.7
2025-11-29T11:20:18.591042,5.921,1.36,0.34,-1.82,0.384,0.2,87.658,2.048,0.2,1.0,0.7
2025-11-29T11:20:18.647585,5.977,1.39,0.33,-1.82,0.376,0.2,87.498,2.074,0.2,1.0,0.7
2025-11-29T11:20:18.701154,6.031,1.4,0.33,-1.81,0.433,0.2,87.634,2.092,0.2,1.0,0.7
2025-11-29T11:20:18.765277,6.095,1.43,0.32,-1.8,0.376,0.2,87.616,2.117,0.2,1.0,0.7
2025-11-29T11:20:18.811134,6.141,1.44,0.32,-1.8,0.374,0.2,87.513,2.134,0.2,1.0,0.7
2025-11-29T11:20:18.868562,6.198,1.47,0.31,-1.8,0.394,0.2,87.153,2.16,0.2,1.0,0.7
2025-11-29T11:20:18.922935,6.252,1.49,0.31,-1.78,0.401,0.2,87.466,2.185,0.2,1.0,0.7
2025-11-29T11:20:18.979081,6.309,1.51,0.3,-1.78,0.38,0.2,87.6,2.202,0.2,1.0,0.7
2025-11-29T11:20:19.029732,6.359,1.53,0.3,-1.77,0.42,0.2,87.74,2.219,0.2,1.0,0.7
2025-11-29T11:20:19.084169,6.414,1.55,0.3,-1.77,0.389,0.2,87.446,2.244,0.2,1.0,0.7
2025-11-29T11:20:19.139094,6.469,1.58,0.29,-1.76,0.389,0.2,87.552,2.27,0.2,1.0,0.7
2025-11-29T11:20:19.273918,6.603,1.59,0.29,-1.75,0.384,0.2,87.707,2.287,0.2,1.0,0.7
2025-11-29T11:20:19.275503,6.605,1.62,0.28,-1.74,0.414,0.2,87.966,2.311,0.2,1.0,0.7
2025-11-29T11:20:19.301976,6.631,1.63,0.28,-1.73,0.393,0.2,88.093,2.328,0.2,1.0,0.7
2025-11-29T11:20:19.365437,6.695,1.66,0.28,-1.73,0.371,0.2,88.029,2.354,0.2,1.0,0.7
2025-11-29T11:20:19.418430,6.748,1.67,0.27,-1.73,0.402,0.2,87.867,2.371,0.2,1.0,0.7
2025-11-29T11:20:19.471382,6.801,1.7,0.27,-1.71,0.366,0.2,88.416,2.396,0.2,1.0,0.7
2025-11-29T11:20:19.522348,6.852,1.72,0.27,-1.71,0.378,0.2,88.274,2.412,0.2,1.0,0.7
2025-11-29T11:20:19.592178,6.922,1.74,0.26,-1.71,0.416,0.2,88.053,2.439,0.2,1.0,0.7
2025-11-29T11:20:19.635243,6.965,1.76,0.26,-1.71,0.394,0.2,87.912,2.456,0.2,1.0,0.7
2025-11-29T11:20:19.690226,7.02,1.78,0.26,-1.68,0.371,0.2,88.801,2.482,0.2,1.0,0.7
2025-11-29T11:20:19.743314,7.073,1.8,0.26,-1.68,0.395,0.2,89.014,2.498,0.2,1.0,0.7
2025-11-29T11:20:19.823796,7.153,1.83,0.26,-1.67,0.362,0.2,89.176,2.523,0.2,1.0,0.7
2025-11-29T11:20:19.866099,7.196,1.84,0.25,-1.67,0.37,0.2,89.074,2.54,0.2,1.0,0.7
2025-11-29T11:20:19.946673,7.276,1.87,0.25,-1.66,0.39,0.2,89.501,2.565,0.2,1.0,0.7
2025-11-29T11:20:19.976056,7.306,1.89,0.25,-1.66,0.414,0.2,89.37,2.591,0.2,1.0,0.7
2025-11-29T11:20:20.039854,7.369,1.91,0.25,-1.66,0.379,0.2,89.283,2.608,0.2,1.0,0.7
2025-11-29T11:20:20.086683,7.416,1.93,0.25,-1.63,0.359,0.2,90.19,2.633,0.2,1.0,0.7
2025-11-29T11:20:20.163091,7.493,1.95,0.24,-1.63,0.385,0.2,90.128,2.65,0.2,1.0,0.7
2025-11-29T11:20:20.205548,7.535,1.98,0.24,-1.63,0.372,0.2,90.233,2.675,0.2,1.0,0.7
2025-11-29T11:20:20.316760,7.646,1.99,0.24,-1.62,0.384,0.2,90.591,2.691,0.2,1.0,0.7
2025-11-29T11:20:20.318700,7.648,2.02,0.24,-1.61,0.414,0.2,90.884,2.717,0.2,1.0,0.7
2025-11-29T11:20:20.383964,7.713,2.03,0.24,-1.61,0.375,0.2,91.004,2.733,0.2,1.0,0.7
2025-11-29T11:20:20.412251,7.742,2.06,0.24,-1.6,0.372,0.2,91.029,2.758,0.2,1.0,0.7
2025-11-29T11:20:20.493677,7.823,2.08,0.24,-1.6,0.404,0.2,90.993,2.776,0.2,1.0,0.7
2025-11-29T11:20:20.522800,7.852,2.1,0.24,-1.59,0.357,0.2,91.608,2.8,0.2,1.0,0.7
2025-11-29T11:20:20.603518,7.933,2.12,0.24,-1.59,0.364,0.2,91.705,2.817,0.2,1.0,0.7
2025-11-29T11:20:20.640419,7.97,2.14,0.24,-1.58,0.399,0.2,91.767,2.841,0.2,1.0,0.7
2025-11-29T11:20:20.715680,8.045,2.16,0.24,-1.58,0.373,0.2,92.06,2.857,0.2,1.0,0.7
2025-11-29T11:20:20.742812,8.072,2.18,0.24,-1.57,0.361,0.2,92.232,2.882,0.2,1.0,0.7
2025-11-29T11:20:20.798565,8.128,2.2,0.24,-1.57,0.366,0.2,92.413,2.898,0.2,1.0,0.7
2025-11-29T11:20:20.854899,8.184,2.22,0.24,-1.57,0.366,0.2,92.544,2.922,0.2,1.0,0.7
2025-11-29T11:20:20.922072,8.252,2.25,0.24,-1.56,0.367,0.2,92.634,2.947,0.2,1.0,0.7
2025-11-29T11:20:20.975720,8.305,2.26,0.24,-1.56,0.395,0.2,92.844,2.964,0.2,1.0,0.7
2025-11-29T11:20:21.054082,8.384,2.29,0.24,-1.56,0.368,0.2,92.862,2.988,0.2,1.0,0.7
2025-11-29T11:20:21.086098,8.416,2.31,0.24,-1.56,0.371,0.2,92.956,3.005,0.2,1.0,0.7
2025-11-29T11:20:21.166604,8.496,2.33,0.24,-1.56,0.396,0.2,93.034,3.03,0.2,1.0,0.7
2025-11-29T11:20:21.193903,8.523,2.36,0.24,-1.55,0.389,0.2,93.196,3.055,0.2,1.0,0.7
2025-11-29T11:20:21.249836,8.579,2.37,0.24,-1.55,0.352,0.2,93.214,3.071,0.2,1.0,0.7
2025-11-29T11:20:21.400604,8.73,2.4,0.24,-1.54,0.392,0.2,93.569,3.096,0.2,1.0,0.7
2025-11-29T11:20:21.403641,8.733,2.41,0.24,-1.54,0.351,0.2,93.695,3.111,0.2,1.0,0.7
2025-11-29T11:20:21.413036,8.742,2.44,0.24,-1.54,0.368,0.2,93.815,3.136,0.2,1.0,0.7
2025-11-29T11:20:21.467810,8.797,2.45,0.24,-1.54,0.407,0.2,93.875,3.153,0.2,1.0,0.7
2025-11-29T11:20:21.529607,8.859,2.47,0.24,-1.54,0.374,0.2,93.905,3.169,0.2,1.0,0.7
2025-11-29T11:20:21.581726,8.911,2.49,0.24,-1.54,0.364,0.2,94.158,3.193,0.2,1.0,0.7
2025-11-29T11:20:21.632567,8.962,2.52,0.24,-1.54,0.385,0.2,94.213,3.219,0.2,1.0,0.7
2025-11-29T11:20:21.688724,9.018,2.54,0.25,-1.53,0.368,0.2,94.403,3.234,0.2,1.0,0.7
2025-11-29T11:20:21.748709,9.078,2.56,0.25,-1.53,0.382,0.2,94.535,3.259,0.2,1.0,0.7
2025-11-29T11:20:21.797227,9.127,2.58,0.25,-1.53,0.409,0.2,94.577,3.276,0.2,1.0,0.7
2025-11-29T11:20:21.852693,9.182,2.6,0.25,-1.53,0.373,0.2,94.691,3.3,0.2,1.0,0.7
2025-11-29T11:20:21.912629,9.242,2.62,0.25,-1.53,0.37,0.2,94.669,3.317,0.2,1.0,0.7
2025-11-29T11:20:21.988395,9.318,2.64,0.25,-1.53,0.389,0.2,94.691,3.343,0.2,1.0,0.7
2025-11-29T11:20:22.024020,9.353,2.66,0.25,-1.53,0.378,0.2,94.731,3.359,0.2,1.0,0.7
2025-11-29T11:20:22.081144,9.411,2.69,0.25,-1.53,0.37,0.2,94.79,3.384,0.2,1.0,0.7
2025-11-29T11:20:22.129158,9.459,2.7,0.25,-1.53,0.421,0.2,94.793,3.401,0.2,1.0,0.7
2025-11-29T11:20:22.193263,9.523,2.73,0.25,-1.53,0.395,0.2,94.842,3.427,0.2,1.0,0.7
2025-11-29T11:20:22.237721,9.567,2.75,0.25,-1.53,0.372,0.2,94.881,3.444,0.2,1.0,0.7
2025-11-29T11:20:22.298299,9.628,2.77,0.25,-1.54,0.38,0.2,94.822,3.469,0.2,1.0,0.7
2025-11-29T11:20:22.416701,9.746,2.79,0.26,-1.54,0.368,0.2,94.829,3.485,0.2,1.0,0.7
2025-11-29T11:20:22.418573,9.748,2.81,0.26,-1.54,0.383,0.2,94.874,3.51,0.2,1.0,0.7
2025-11-29T11:20:22.457795,9.787,2.83,0.26,-1.54,0.407,0.2,94.912,3.528,0.2,1.0,0.7
2025-11-29T11:20:22.511535,9.841,2.86,0.26,-1.54,0.403,0.2,94.966,3.553,0.2,1.0,0.7
2025-11-29T11:20:22.562997,9.892,2.87,0.26,-1.54,0.386,0.2,94.885,3.57,0.2,1.0,0.7
2025-11-29T11:20:22.635275,9.965,2.9,0.26,-1.54,0.373,0.2,94.906,3.595,0.2,1.0,0.7
2025-11-29T11:20:22.674957,10.004,2.91,0.26,-1.54,0.392,0.2,94.952,3.612,0.2,1.0,0.7
2025-11-29T11:20:22.746694,10.076,2.94,0.26,-1.54,0.378,0.2,94.988,3.637,0.2,1.0,0.7
2025-11-29T11:20:22.783392,10.113,2.96,0.26,-1.54,0.382,0.2,94.936,3.655,0.2,1.0,0.7
2025-11-29T11:20:22.868070,10.198,2.98,0.26,-1.54,0.421,0.2,94.982,3.68,0.2,1.0,0.7
2025-11-29T11:20:22.893160,10.223,3.0,0.26,-1.54,0.377,0.2,94.989,3.697,0.2,1.0,0.7
2025-11-29T11:20:22.952951,10.282,3.02,0.26,-1.54,0.378,0.2,95.002,3.722,0.2,1.0,0.7
2025-11-29T11:20:23.011032,10.34,3.04,0.26,-1.54,0.419,0.2,95.032,3.74,0.2,1.0,0.7
2025-11-29T11:20:23.087950,10.417,3.07,0.26,-1.54,0.362,0.2,95.09,3.763,0.2,1.0,0.7
2025-11-29T11:20:23.112137,10.442,3.08,0.26,-1.54,0.357,0.2,95.119,3.78,0.2,1.0,0.7
2025-11-29T11:20:23.173311,10.503,3.11,0.27,-1.54,0.397,0.2,95.083,3.805,0.2,1.0,0.7
2025-11-29T11:20:23.230550,10.56,3.12,0.27,-1.54,0.365,0.2,95.109,3.821,0.2,1.0,0.7
2025-11-29T11:20:23.277377,10.607,3.15,0.27,-1.55,0.368,0.2,95.09,3.846,0.2,1.0,0.7
2025-11-29T11:20:23.338792,10.668,3.17,0.27,-1.55,0.37,0.2,95.104,3.87,0.2,1.0,0.7
2025-11-29T11:20:23.466125,10.796,3.19,0.27,-1.55,0.374,0.2,95.129,3.887,0.2,1.0,0.7
2025-11-29T11:20:23.466445,10.796,3.22,0.27,-1.55,0.374,0.2,95.086,3.912,0.2,1.0,0.7
2025-11-29T11:20:23.500205,10.83,3.23,0.27,-1.55,0.397,0.2,95.109,3.928,0.2,1.0,0.7
2025-11-29T11:20:23.554577,10.884,3.26,0.27,-1.55,0.385,0.2,95.087,3.953,0.2,1.0,0.7
2025-11-29T11:20:23.612798,10.942,3.27,0.27,-1.55,0.365,0.2,95.032,3.969,0.2,1.0,0.7
2025-11-29T11:20:23.665290,10.995,3.3,0.27,-1.55,0.381,0.2,95.01,3.993,0.2,1.0,0.7
2025-11-29T11:20:23.719236,11.049,3.31,0.27,-1.55,0.366,0.2,82.633,4.0,0.405,1.0,0.7
2025-11-29T11:20:23.774479,11.104,3.34,0.27,-1.55,0.369,0.2,77.102,4.0,0.499,1.0,0.7
2025-11-29T11:20:23.830065,11.16,3.36,0.27,-1.55,0.424,0.2,74.423,4.0,0.545,1.0,0.7
2025-11-29T11:20:23.883112,11.213,3.38,0.27,-1.55,0.355,0.2,71.641,4.0,0.595,1.0,0.7
2025-11-29T11:20:23.937561,11.267,3.4,0.27,-1.54,0.348,0.2,70.298,4.0,0.625,1.0,0.7
2025-11-29T11:20:23.995645,11.325,3.42,0.27,-1.54,0.398,0.2,68.267,4.0,0.663,1.0,0.7
2025-11-29T11:20:24.051341,11.381,3.43,0.27,-1.49,0.361,0.2,68.778,4.0,0.686,1.0,0.7
2025-11-29T11:20:24.106990,11.436,3.46,0.28,-1.48,0.358,0.2,67.348,4.0,0.719,1.0,0.7
2025-11-29T11:20:24.159481,11.489,3.47,0.28,-1.48,0.367,0.2,66.343,4.0,0.739,1.0,0.7
2025-11-29T11:20:24.241819,11.571,3.5,0.28,-1.48,0.361,0.2,64.957,4.0,0.766,1.0,0.7
2025-11-29T11:20:24.267391,11.597,3.51,0.28,-1.39,0.365,0.2,66.756,4.0,0.785,1.0,0.7
2025-11-29T11:20:24.324004,11.653,3.54,0.29,-1.36,0.381,0.2,66.09,4.0,0.811,1.0,0.7
2025-11-29T11:20:24.374597,11.704,3.55,0.29,-1.36,0.354,0.2,65.253,4.0,0.828,1.0,0.7
2025-11-29T11:20:24.514218,11.844,3.58,0.3,-1.3,0.37,0.2,65.789,4.0,0.852,1.0,0.7
2025-11-29T11:20:24.516168,11.846,3.59,0.3,-1.28,0.34,0.2,65.815,4.0,0.867,1.0,0.7
2025-11-29T11:20:24.571312,11.901,3.61,0.31,-1.23,0.367,0.2,65.947,4.0,0.891,1.0,0.7
2025-11-29T11:20:24.592874,11.922,3.63,0.31,-1.22,0.398,0.2,65.533,4.0,0.907,1.0,0.7
2025-11-29T11:20:24.661804,11.991,3.65,0.32,-1.17,0.348,0.2,65.881,4.0,0.929,1.0,0.7
2025-11-29T11:20:24.709002,12.038,3.66,0.33,-1.17,0.348,0.2,65.206,4.0,0.943,1.0,0.7
2025-11-29T11:20:24.777321,12.107,3.69,0.34,-1.17,0.405,0.2,64.227,4.0,0.965,1.0,0.7
2025-11-29T11:20:24.817011,12.146,3.7,0.35,-1.08,0.364,0.2,66.108,4.0,0.978,1.0,0.7
2025-11-29T11:20:24.895707,12.225,3.72,0.36,-1.07,0.362,0.2,65.396,4.0,1.0,1.0,0.7
2025-11-29T11:20:24.926547,12.256,3.74,0.36,-1.07,0.367,0.2,64.797,4.0,1.013,1.0,0.7
2025-11-29T11:20:24.979483,12.309,3.76,0.38,-1.07,0.356,0.2,63.96,4.0,1.033,1.0,0.7
2025-11-29T11:20:25.055800,12.385,3.77,0.39,-0.96,0.381,0.2,66.44,4.0,1.047,1.0,0.7
2025-11-29T11:20:25.097568,12.427,3.79,0.4,-0.94,0.376,0.2,66.319,4.0,1.067,1.0,0.7
2025-11-29T11:20:25.148269,12.478,3.8,0.41,-0.91,0.344,0.2,66.519,4.0,1.08,1.0,0.7
2025-11-29T11:20:25.204806,12.534,3.82,0.42,-0.86,0.371,0.2,67.179,4.0,1.1,1.0,0.7
2025-11-29T11:20:25.291351,12.621,3.83,0.43,-0.84,0.342,0.2,67.393,4.0,1.113,1.0,0.7
2025-11-29T11:20:25.339111,12.669,3.85,0.45,-0.8,0.361,0.2,67.748,4.0,1.134,1.0,0.7
2025-11-29T11:20:25.370394,12.7,3.87,0.47,-0.76,0.358,0.2,68.237,4.0,1.154,1.0,0.7
2025-11-29T11:20:25.431086,12.761,3.88,0.48,-0.76,0.349,0.2,67.775,4.0,1.167,1.0,0.7
2025-11-29T11:20:25.560666,12.89,3.89,0.5,-0.7,0.342,0.2,68.853,4.0,1.187,1.0,0.7
2025-11-29T11:20:25.562386,12.892,3.9,0.51,-0.68,0.375,0.2,69.235,4.0,1.201,1.0,0.7
2025-11-29T11:20:25.590707,12.92,3.92,0.53,-0.67,0.355,0.2,68.925,4.0,1.221,1.0,0.7
2025-11-29T11:20:25.647900,12.977,3.93,0.54,-0.64,0.363,0.2,69.206,4.0,1.236,1.0,0.7
2025-11-29T11:20:25.701973,13.031,3.94,0.56,-0.59,0.386,0.2,70.35,4.0,1.256,1.0,0.7
2025-11-29T11:20:25.755420,13.085,3.95,0.57,-0.57,0.357,0.2,70.649,4.0,1.27,1.0,0.7
2025-11-29T11:20:25.810558,13.14,3.96,0.59,-0.55,0.358,0.2,70.452,4.0,1.291,1.0,0.7
2025-11-29T11:20:25.871540,13.201,3.97,0.61,-0.55,0.355,0.2,70.066,4.0,1.305,1.0,0.7
2025-11-29T11:20:25.927364,13.257,3.98,0.63,-0.47,0.362,0.2,72.205,4.0,1.326,1.0,0.7
2025-11-29T11:20:25.980659,13.31,3.99,0.64,-0.47,0.401,0.2,71.821,4.0,1.341,1.0,0.7
2025-11-29T11:20:26.033672,13.363,4.0,0.66,-0.44,0.357,0.2,72.386,4.0,1.363,1.0,0.7
2025-11-29T11:20:26.101580,13.431,4.01,0.68,-0.4,0.344,0.2,73.578,4.0,1.378,1.0,0.7
2025-11-29T11:20:26.141452,13.471,4.01,0.7,-0.38,0.374,0.2,74.005,4.0,1.399,1.0,0.7
2025-11-29T11:20:26.196856,13.526,4.02,0.71,-0.38,0.351,0.2,73.717,4.0,1.413,1.0,0.7
2025-11-29T11:20:26.253546,13.583,4.03,0.74,-0.38,0.342,0.2,73.261,4.0,1.435,1.0,0.7
2025-11-29T11:20:26.308758,13.638,4.03,0.75,-0.31,0.373,0.2,75.549,4.0,1.45,1.0,0.7
2025-11-29T11:20:26.361815,13.691,4.04,0.77,-0.27,0.357,0.2,76.645,4.0,1.473,1.0,0.7
2025-11-29T11:20:26.441242,13.771,4.05,0.8,-0.24,0.347,0.2,77.342,4.0,1.496,1.0,0.7
2025-11-29T11:20:26.496097,13.826,4.05,0.82,-0.24,0.367,0.2,77.031,4.0,1.519,1.0,0.7
2025-11-29T11:20:26.647193,13.977,4.06,0.84,-0.24,0.358,0.2,76.822,4.0,1.534,1.0,0.7
2025-11-29T11:20:26.648350,13.978,4.06,0.86,-0.24,0.36,0.2,76.504,4.0,1.557,1.0,0.7
2025-11-29T11:20:26.660143,13.99,4.07,0.88,-0.24,0.403,0.2,76.287,4.0,1.573,1.0,0.7
2025-11-29T11:20:26.717427,14.047,4.07,0.9,-0.13,0.373,0.2,80.278,4.0,1.597,1.0,0.7
2025-11-29T11:20:26.771035,14.1,4.07,0.92,-0.13,0.353,0.2,80.375,4.0,1.613,1.0,0.7
2025-11-29T11:20:26.826286,14.156,4.07,0.94,0.0,0.41,0.2,85.619,4.0,1.64,1.0,0.7
2025-11-29T11:20:26.883275,14.213,4.07,0.96,-0.08,0.358,0.2,82.059,4.0,1.66,1.0,0.7
2025-11-29T11:20:26.939562,14.269,4.07,0.98,-0.07,0.331,0.2,82.511,4.0,1.675,1.0,0.7
2025-11-29T11:20:26.989417,14.319,4.08,1.0,-0.06,0.407,0.2,82.899,4.0,1.699,1.0,0.7
2025-11-29T11:20:27.045290,14.375,4.08,1.02,-0.05,0.363,0.2,83.245,4.0,1.715,1.0,0.7
2025-11-29T11:20:27.102018,14.431,4.08,1.05,-0.04,0.373,0.2,83.68,4.0,1.741,1.0,0.7
2025-11-29T11:20:27.154235,14.484,4.08,1.06,-0.04,0.399,0.2,83.643,4.0,1.758,1.0,0.7
2025-11-29T11:20:27.211179,14.541,4.08,1.09,-0.0,0.355,0.2,85.072,4.0,1.782,1.0,0.7
2025-11-29T11:20:27.275458,14.605,4.08,1.11,0.01,0.363,0.2,85.588,4.0,1.804,1.0,0.7
2025-11-29T11:20:27.329512,14.659,4.08,1.13,0.02,0.394,0.2,86.226,4.0,1.821,1.0,0.7
2025-11-29T11:20:27.381147,14.711,4.08,1.15,0.03,0.349,0.2,86.664,4.0,1.844,1.0,0.7
2025-11-29T11:20:27.440656,14.77,4.08,1.16,0.05,0.35,0.2,87.249,4.0,1.861,1.0,0.7
2025-11-29T11:20:27.511012,14.84,4.08,1.18,0.05,0.369,0.2,87.458,4.0,1.877,1.0,0.7
2025-11-29T11:20:27.546281,14.876,4.08,1.21,0.05,0.355,0.2,87.707,4.0,1.901,1.0,0.7
2025-11-29T11:20:27.658047,14.988,4.07,1.22,0.07,0.375,0.2,88.541,4.0,1.918,1.0,0.7
2025-11-29T11:20:27.659596,14.989,4.07,1.25,0.07,0.4,0.2,88.647,4.0,1.942,1.0,0.7
2025-11-29T11:20:27.721036,15.05,4.07,1.27,0.08,0.351,0.2,89.254,4.0,1.966,1.0,0.7
2025-11-29T11:20:27.761373,15.091,4.07,1.29,0.09,0.368,0.2,89.746,4.0,1.982,1.0,0.7
2025-11-29T11:20:27.824658,15.154,4.07,1.3,0.09,0.357,0.2,89.832,4.0,1.998,1.0,0.7
2025-11-29T11:20:27.869342,15.199,4.06,1.32,0.1,0.362,0.2,90.464,4.0,2.022,1.0,0.7
2025-11-29T11:20:27.950256,15.28,4.06,1.34,0.1,0.414,0.2,90.575,4.0,2.039,1.0,0.7
2025-11-29T11:20:27.977551,15.307,4.06,1.37,0.12,0.375,0.2,91.295,4.0,2.064,1.0,0.7
2025-11-29T11:20:28.053147,15.383,4.06,1.38,0.12,0.357,0.2,91.627,4.0,2.081,1.0,0.7
2025-11-29T11:20:28.090846,15.42,4.06,1.41,0.13,0.383,0.2,91.996,4.0,2.105,1.0,0.7
2025-11-29T11:20:28.142029,15.471,4.05,1.42,0.13,0.358,0.2,92.274,4.0,2.121,1.0,0.7
2025-11-29T11:20:28.196084,15.526,4.05,1.45,0.13,0.36,0.2,92.471,4.0,2.146,1.0,0.7
2025-11-29T11:20:28.278376,15.608,4.05,1.48,0.14,0.364,0.2,93.039,4.0,2.177,1.0,0.7
2025-11-29T11:20:28.338652,15.668,4.04,1.49,0.14,0.388,0.2,93.17,4.0,2.193,1.0,0.7
2025-11-29T11:20:28.407650,15.737,4.04,1.52,0.14,0.367,0.2,93.46,4.0,2.218,1.0,0.7
2025-11-29T11:20:28.443646,15.773,4.04,1.53,0.14,0.349,0.2,93.672,4.0,2.234,1.0,0.7
2025-11-29T11:20:28.501092,15.831,4.03,1.56,0.14,0.406,0.2,93.947,4.0,2.259,1.0,0.7
2025-11-29T11:20:28.554386,15.884,4.03,1.58,0.14,0.373,0.2,94.113,4.0,2.276,1.0,0.7
2025-11-29T11:20:28.624221,15.954,4.03,1.6,0.14,0.36,0.2,94.232,4.0,2.3,1.0,0.7
2025-11-29T11:20:28.713417,16.043,4.03,1.62,0.14,0.4,0.2,94.366,4.0,2.317,1.0,0.7
2025-11-29T11:20:28.742615,16.072,4.02,1.64,0.14,0.347,0.2,94.681,4.0,2.341,1.0,0.7
2025-11-29T11:20:28.781010,16.11,4.02,1.66,0.14,0.365,0.2,94.823,4.0,2.358,1.0,0.7
2025-11-29T11:20:28.840662,16.17,4.02,1.68,0.14,0.401,0.2,95.041,4.0,2.383,1.0,0.7
2025-11-29T11:20:28.887342,16.217,4.01,1.7,0.14,0.364,0.2,94.969,4.0,2.398,1.0,0.7
2025-11-29T11:20:28.951263,16.281,4.01,1.72,0.14,0.357,0.2,84.934,3.833,2.4,1.0,0.7
2025-11-29T11:20:28.999639,16.329,4.01,1.74,0.14,0.378,0.2,81.63,3.778,2.4,1.0,0.7
2025-11-29T11:20:29.067441,16.397,4.01,1.76,0.14,0.353,0.2,78.022,3.717,2.4,1.0,0.7
2025-11-29T11:20:29.108472,16.438,4.0,1.78,0.14,0.363,0.2,76.012,3.681,2.4,1.0,0.7
2025-11-29T11:20:29.169855,16.499,4.0,1.8,0.14,0.388,0.2,73.621,3.633,2.4,1.0,0.7
2025-11-29T11:20:29.239995,16.569,4.0,1.82,0.16,0.358,0.2,72.754,3.608,2.4,1.0,0.7
2025-11-29T11:20:29.279423,16.609,3.99,1.84,0.17,0.34,0.2,71.199,3.571,2.4,1.0,0.7
2025-11-29T11:20:29.362837,16.692,3.99,1.86,0.2,0.347,0.2,70.916,3.549,2.4,1.0,0.7
2025-11-29T11:20:29.407494,16.737,3.99,1.88,0.2,0.343,0.2,69.29,3.518,2.4,1.0,0.7
2025-11-29T11:20:29.443152,16.773,3.98,1.9,0.2,0.376,0.2,68.281,3.498,2.4,1.0,0.7
2025-11-29T11:20:29.525161,16.855,3.98,1.92,0.2,0.346,0.2,66.901,3.471,2.4,1.0,0.7
2025-11-29T11:20:29.549927,16.879,3.98,1.93,0.28,0.337,0.2,68.617,3.454,2.4,1.0,0.7
2025-11-29T11:20:29.626671,16.956,3.97,1.95,0.3,0.384,0.2,67.971,3.429,2.4,1.0,0.7
2025-11-29T11:20:29.675537,17.005,3.96,1.98,0.34,0.347,0.2,67.752,3.405,2.4,1.0,0.7
2025-11-29T11:20:29.762213,17.092,3.96,1.99,0.36,0.341,0.2,67.659,3.389,2.4,1.0,0.7
2025-11-29T11:20:29.771746,17.101,3.95,2.01,0.4,0.363,0.2,67.937,3.367,2.4,1.0,0.7
2025-11-29T11:20:29.827778,17.157,3.94,2.02,0.4,0.333,0.2,67.205,3.351,2.4,1.0,0.7
2025-11-29T11:20:29.885672,17.215,3.93,2.04,0.45,0.362,0.2,67.725,3.329,2.4,1.0,0.7
2025-11-29T11:20:29.942527,17.272,3.93,2.06,0.47,0.335,0.2,67.463,3.315,2.4,1.0,0.7
2025-11-29T11:20:29.992869,17.322,3.91,2.08,0.49,0.325,0.2,67.213,3.293,2.4,1.0,0.7
2025-11-29T11:20:30.080633,17.41,3.9,2.1,0.51,0.375,0.2,66.901,3.272,2.4,1.0,0.7
2025-11-29T11:20:30.111256,17.441,3.9,2.11,0.57,0.352,0.2,67.891,3.258,2.4,1.0,0.7
2025-11-29T11:20:30.209606,17.539,3.88,2.13,0.57,0.326,0.2,66.959,3.237,2.4,1.0,0.7
2025-11-29T11:20:30.223740,17.553,3.88,2.14,0.57,0.331,0.2,66.398,3.224,2.4,1.0,0.7
2025-11-29T11:20:30.279952,17.609,3.86,2.16,0.65,0.356,0.2,68.119,3.203,2.4,1.0,0.7
2025-11-29T11:20:30.333969,17.663,3.85,2.17,0.65,0.384,0.2,67.536,3.189,2.4,1.0,0.7
2025-11-29T11:20:30.386015,17.715,3.84,2.19,0.7,0.351,0.2,68.146,3.169,2.4,1.0,0.7
2025-11-29T11:20:30.440115,17.77,3.83,2.2,0.71,0.324,0.2,67.974,3.155,2.4,1.0,0.7
2025-11-29T11:20:30.534255,17.864,3.81,2.22,0.77,0.381,0.2,68.948,3.134,2.4,1.0,0.7
2025-11-29T11:20:30.549986,17.879,3.8,2.23,0.79,0.354,0.2,69.172,3.121,2.4,1.0,0.7
2025-11-29T11:20:30.606102,17.936,3.78,2.25,0.81,0.347,0.2,69.081,3.1,2.4,1.0,0.7
2025-11-29T11:20:30.661449,17.991,3.77,2.26,0.82,0.346,0.2,68.951,3.086,2.4,1.0,0.7
2025-11-29T11:20:30.806260,18.136,3.75,2.27,0.88,0.359,0.2,70.061,3.065,2.4,1.0,0.7
2025-11-29T11:20:30.808270,18.138,3.74,2.29,0.9,0.387,0.2,70.318,3.05,2.4,1.0,0.7
2025-11-29T11:20:30.825881,18.155,3.72,2.3,0.9,0.346,0.2,69.662,3.03,2.4,1.0,0.7
2025-11-29T11:20:30.881314,18.211,3.71,2.31,0.9,0.354,0.2,69.182,3.016,2.4,1.0,0.7
2025-11-29T11:20:30.934928,18.264,3.69,2.32,0.9,0.386,0.2,68.481,2.994,2.4,1.0,0.7
2025-11-29T11:20:30.995798,18.325,3.68,2.33,1.01,0.35,0.2,71.505,2.981,2.4,1.0,0.7
2025-11-29T11:20:31.043944,18.373,3.66,2.35,1.04,0.356,0.2,72.042,2.959,2.4,1.0,0.7
2025-11-29T11:20:31.099200,18.429,3.64,2.35,1.07,0.381,0.2,72.48,2.944,2.4,1.0,0.7
2025-11-29T11:20:31.157212,18.487,3.62,2.36,1.09,0.349,0.2,72.743,2.923,2.4,1.0,0.7
2025-11-29T11:20:31.219130,18.549,3.61,2.37,1.12,0.353,0.2,73.472,2.908,2.4,1.0,0.7
2025-11-29T11:20:31.265953,18.595,3.59,2.38,1.16,0.378,0.2,74.609,2.886,2.4,1.0,0.7
2025-11-29T11:20:31.339924,18.669,3.57,2.39,1.16,0.348,0.2,74.286,2.872,2.4,1.0,0.7
2025-11-29T11:20:31.374615,18.704,3.55,2.4,1.21,0.359,0.2,75.598,2.85,2.4,1.0,0.7
2025-11-29T11:20:31.439069,18.769,3.54,2.4,1.22,0.348,0.2,75.599,2.836,2.4,1.0,0.7
2025-11-29T11:20:31.483358,18.813,3.51,2.41,1.25,0.358,0.2,76.314,2.813,2.4,1.0,0.7
2025-11-29T11:20:31.547980,18.877,3.5,2.41,1.25,0.383,0.2,76.036,2.797,2.4,1.0,0.7
2025-11-29T11:20:31.595511,18.925,3.48,2.42,1.25,0.352,0.2,75.639,2.775,2.4,1.0,0.7
2025-11-29T11:20:31.660844,18.99,3.46,2.43,1.25,0.36,0.2,75.366,2.76,2.4,1.0,0.7
2025-11-29T11:20:31.706653,19.036,3.44,2.43,1.34,0.379,0.2,78.728,2.738,2.4,1.0,0.7
2025-11-29T11:20:31.849949,19.179,3.42,2.44,1.36,0.344,0.2,79.046,2.724,2.4,1.0,0.7
2025-11-29T11:20:31.850355,19.18,3.4,2.44,1.38,0.347,0.2,79.705,2.701,2.4,1.0,0.7
2025-11-29T11:20:31.884970,19.214,3.38,2.44,1.38,0.349,0.2,79.535,2.686,2.4,1.0,0.7
2025-11-29T11:20:31.919736,19.249,3.36,2.45,1.42,0.364,0.2,80.727,2.664,2.4,1.0,0.7
2025-11-29T11:20:31.977385,19.307,3.35,2.45,1.42,0.405,0.2,80.577,2.647,2.4,1.0,0.7
2025-11-29T11:20:32.034279,19.364,3.32,2.45,1.44,0.349,0.2,81.212,2.624,2.4,1.0,0.7
2025-11-29T11:20:32.117896,19.447,3.31,2.45,1.44,0.342,0.2,81.088,2.608,2.4,1.0,0.7
2025-11-29T11:20:32.149210,19.479,3.28,2.46,1.48,0.385,0.2,82.572,2.585,2.4,1.0,0.7
2025-11-29T11:20:32.221047,19.551,3.26,2.46,1.48,0.336,0.2,82.45,2.563,2.4,1.0,0.7
2025-11-29T11:20:32.257752,19.587,3.24,2.46,1.48,0.351,0.2,82.36,2.548,2.4,1.0,0.7
2025-11-29T11:20:32.313546,19.643,3.22,2.46,1.48,0.395,0.2,82.227,2.524,2.4,1.0,0.7
2025-11-29T11:20:32.387876,19.717,3.21,2.46,1.53,0.353,0.2,84.423,2.509,2.4,1.0,0.7
2025-11-29T11:20:32.445218,19.775,3.18,2.46,1.54,0.348,0.2,84.758,2.486,2.4,1.0,0.7
2025-11-29T11:20:32.478604,19.808,3.17,2.46,1.55,0.354,0.2,85.315,2.47,2.4,1.0,0.7
2025-11-29T11:20:32.559956,19.889,3.14,2.47,1.55,0.346,0.2,85.29,2.447,2.4,1.0,0.7
2025-11-29T11:20:32.590133,19.92,3.13,2.47,1.58,0.377,0.2,86.415,2.431,2.4,1.0,0.7
2025-11-29T11:20:32.655199,19.985,3.1,2.47,1.58,0.358,0.2,86.428,2.407,2.4,1.0,0.7
2025-11-29T11:20:32.699165,20.029,3.09,2.46,1.6,0.35,0.2,87.25,2.392,2.4,1.0,0.7
2025-11-29T11:20:32.753506,20.083,3.06,2.46,1.6,0.374,0.2,87.467,2.367,2.4,1.0,0.7
2025-11-29T11:20:32.808364,20.138,3.05,2.46,1.6,0.357,0.2,87.497,2.352,2.4,1.0,0.7
2025-11-29T11:20:32.899418,20.229,3.03,2.46,1.62,0.332,0.2,88.184,2.329,2.4,1.0,0.7
2025-11-29T11:20:32.916608,20.246,3.01,2.46,1.62,0.373,0.2,88.229,2.313,2.4,1.0,0.7
2025-11-29T11:20:32.971272,20.301,2.99,2.46,1.64,0.35,0.2,89.378,2.288,2.4,1.0,0.7
2025-11-29T11:20:33.030535,20.36,2.97,2.46,1.65,0.377,0.2,89.653,2.272,2.4,1.0,0.7
2025-11-29T11:20:33.081060,20.411,2.95,2.46,1.66,0.376,0.2,90.138,2.249,2.4,1.0,0.7
2025-11-29T11:20:33.139378,20.469,2.93,2.46,1.66,0.343,0.2,90.335,2.234,2.4,1.0,0.7
2025-11-29T11:20:33.200238,20.53,2.91,2.45,1.66,0.358,0.2,90.675,2.21,2.4,1.0,0.7
2025-11-29T11:20:33.254097,20.584,2.88,2.45,1.66,0.388,0.2,90.809,2.186,2.4,1.0,0.7
2025-11-29T11:20:33.316804,20.646,2.87,2.45,1.68,0.357,0.2,91.433,2.17,2.4,1.0,0.7
2025-11-29T11:20:33.364883,20.694,2.85,2.45,1.68,0.352,0.2,91.817,2.147,2.4,1.0,0.7
2025-11-29T11:20:33.419961,20.749,2.83,2.45,1.68,0.345,0.2,91.961,2.132,2.4,1.0,0.7
2025-11-29T11:20:33.473423,20.803,2.81,2.44,1.68,0.36,0.2,92.128,2.107,2.4,1.0,0.7
2025-11-29T11:20:33.532100,20.862,2.79,2.44,1.69,0.387,0.2,92.56,2.091,2.4,1.0,0.7
2025-11-29T11:20:33.583345,20.913,2.77,2.44,1.69,0.366,0.2,92.857,2.067,2.4,1.0,0.7
2025-11-29T11:20:33.638691,20.968,2.75,2.44,1.69,0.349,0.2,92.97,2.051,2.4,1.0,0.7
2025-11-29T11:20:33.694014,21.023,2.73,2.43,1.69,0.395,0.2,93.224,2.026,2.4,1.0,0.7
2025-11-29T11:20:33.749529,21.079,2.71,2.43,1.69,0.366,0.2,93.337,2.011,2.4,1.0,0.7
2025-11-29T11:20:33.807904,21.137,2.69,2.43,1.7,0.343,0.2,93.608,1.988,2.4,1.0,0.7
2025-11-29T11:20:33.949629,21.279,2.67,2.43,1.7,0.357,0.2,93.729,1.972,2.4,1.0,0.7
2025-11-29T11:20:33.951114,21.281,2.65,2.42,1.7,0.362,0.2,93.935,1.948,2.4,1.0,0.7
2025-11-29T11:20:33.968187,21.298,2.63,2.42,1.7,0.395,0.2,94.146,1.931,2.4,1.0,0.7
2025-11-29T11:20:34.020974,21.35,2.61,2.42,1.7,0.363,0.2,94.334,1.908,2.4,1.0,0.7
2025-11-29T11:20:34.078904,21.408,2.59,2.42,1.7,0.332,0.2,94.438,1.893,2.4,1.0,0.7
2025-11-29T11:20:34.150420,21.48,2.57,2.41,1.7,0.377,0.2,94.651,1.869,2.4,1.0,0.7
2025-11-29T11:20:34.186504,21.516,2.55,2.41,1.7,0.366,0.2,94.772,1.854,2.4,1.0,0.7
2025-11-29T11:20:34.244583,21.574,2.53,2.41,1.7,0.324,0.2,94.92,1.831,2.4,1.0,0.7
2025-11-29T11:20:34.299018,21.628,2.52,2.41,1.7,0.358,0.2,94.895,1.815,2.4,1.0,0.7
2025-11-29T11:20:34.361886,21.691,2.49,2.4,1.69,0.344,0.2,94.964,1.792,2.4,1.0,0.7
2025-11-29T11:20:34.406929,21.736,2.48,2.4,1.69,0.366,0.2,95.096,1.777,2.4,1.0,0.7
2025-11-29T11:20:34.487033,21.816,2.45,2.4,1.69,0.364,0.2,95.216,1.754,2.4,1.0,0.7
2025-11-29T11:20:34.521301,21.851,2.44,2.4,1.69,0.349,0.2,95.205,1.739,2.4,1.0,0.7
2025-11-29T11:20:34.589314,21.919,2.42,2.39,1.69,0.364,0.2,95.236,1.716,2.4,1.0,0.7
2025-11-29T11:20:34.627639,21.957,2.4,2.39,1.69,0.343,0.2,95.352,1.701,2.4,1.0,0.7
2025-11-29T11:20:34.718022,22.047,2.37,2.39,1.68,0.339,0.2,95.462,1.672,2.4,1.0,0.7
2025-11-29T11:20:34.760191,22.09,2.36,2.39,1.68,0.371,0.2,95.463,1.657,2.4,1.0,0.7
2025-11-29T11:20:34.817306,22.147,2.33,2.39,1.68,0.327,0.2,95.511,1.634,2.4,1.0,0.7
2025-11-29T11:20:34.867734,22.197,2.32,2.38,1.68,0.341,0.2,95.612,1.619,2.4,1.0,0.7
2025-11-29T11:20:34.999462,22.329,2.3,2.38,1.68,0.361,0.2,95.764,1.597,2.4,1.0,0.7
2025-11-29T11:20:35.002791,22.332,2.28,2.38,1.68,0.318,0.2,95.891,1.576,2.4,1.0,0.7
2025-11-29T11:20:35.038626,22.368,2.26,2.38,1.68,0.353,0.2,95.824,1.561,2.4,1.0,0.7
2025-11-29T11:20:35.094816,22.424,2.24,2.37,1.67,0.339,0.2,95.908,1.539,2.4,1.0,0.7
2025-11-29T11:20:35.153230,22.483,2.22,2.37,1.67,0.314,0.2,95.999,1.524,2.4,1.0,0.7
2025-11-29T11:20:35.213114,22.543,2.2,2.37,1.67,0.364,0.2,96.038,1.502,2.4,1.0,0.7
2025-11-29T11:20:35.265146,22.595,2.19,2.37,1.67,0.326,0.2,96.039,1.488,2.4,1.0,0.7
2025-11-29T11:20:35.316972,22.646,2.17,2.37,1.67,0.34,0.2,96.081,1.466,2.4,1.0,0.7
2025-11-29T11:20:35.374435,22.704,2.15,2.37,1.67,0.319,0.2,96.177,1.452,2.4,1.0,0.7
2025-11-29T11:20:35.428682,22.758,2.13,2.36,1.67,0.322,0.2,96.306,1.43,2.4,1.0,0.7
2025-11-29T11:20:35.483085,22.813,2.11,2.36,1.66,0.34,0.2,96.061,1.415,2.4,1.0,0.7
2025-11-29T11:20:35.536742,22.866,2.09,2.36,1.66,0.341,0.2,96.179,1.394,2.4,1.0,0.7
2025-11-29T11:20:35.590577,22.92,2.08,2.36,1.66,0.369,0.2,96.022,1.378,2.4,1.0,0.7
2025-11-29T11:20:35.645374,22.975,2.06,2.36,1.65,0.317,0.2,95.829,1.358,2.4,1.0,0.7
2025-11-29T11:20:35.703096,23.033,2.04,2.36,1.65,0.354,0.2,95.902,1.342,2.4,1.0,0.7
2025-11-29T11:20:35.754509,23.084,2.02,2.35,1.64,0.352,0.2,95.627,1.32,2.4,1.0,0.7
2025-11-29T11:20:35.817163,23.147,2.0,2.35,1.64,0.336,0.2,95.59,1.305,2.4,1.0,0.7
2025-11-29T11:20:35.866819,23.196,1.98,2.35,1.63,0.349,0.2,95.572,1.282,2.4,1.0,0.7
2025-11-29T11:20:35.946159,23.276,1.97,2.35,1.63,0.33,0.2,95.361,1.268,2.4,1.0,0.7
2025-11-29T11:20:35.976210,23.306,1.94,2.35,1.62,0.323,0.2,95.28,1.246,2.4,1.0,0.7
2025-11-29T11:20:36.030620,23.36,1.93,2.35,1.62,0.342,0.2,95.329,1.231,2.4,1.0,0.7
2025-11-29T11:20:36.086048,23.416,1.91,2.35,1.62,0.34,0.2,95.052,1.208,2.4,1.0,0.7
2025-11-29T11:20:36.139772,23.469,1.89,2.35,1.62,0.382,0.2,95.095,1.193,2.4,1.0,0.7
2025-11-29T11:20:36.195370,23.525,1.87,2.35,1.61,0.326,0.2,94.835,1.171,2.4,1.0,0.7
2025-11-29T11:20:36.248291,23.578,1.85,2.35,1.61,0.321,0.2,94.871,1.156,2.4,1.0,0.7
2025-11-29T11:20:36.303232,23.633,1.83,2.35,1.6,0.372,0.2,94.574,1.132,2.4,1.0,0.7
2025-11-29T11:20:36.361627,23.691,1.81,2.35,1.6,0.36,0.2,94.602,1.117,2.4,1.0,0.7
2025-11-29T11:20:36.412384,23.742,1.79,2.34,1.6,0.34,0.2,94.418,1.094,2.4,1.0,0.7
2025-11-29T11:20:36.468242,23.798,1.78,2.34,1.59,0.342,0.2,94.2,1.079,2.4,1.0,0.7
2025-11-29T11:20:36.521040,23.85,1.75,2.34,1.59,0.337,0.2,94.159,1.056,2.4,1.0,0.7
2025-11-29T11:20:36.577159,23.907,1.74,2.34,1.59,0.355,0.2,94.175,1.041,2.4,1.0,0.7
2025-11-29T11:20:36.632026,23.961,1.72,2.34,1.59,0.34,0.2,94.199,1.018,2.4,1.0,0.7
2025-11-29T11:20:36.685949,24.015,1.7,2.34,1.57,0.356,0.2,93.645,1.003,2.4,1.0,0.7
2025-11-29T11:20:36.743859,24.073,1.68,2.34,1.57,0.364,0.2,93.651,0.98,2.4,1.0,0.7
2025-11-29T11:20:36.796675,24.126,1.66,2.34,1.57,0.333,0.2,93.372,0.964,2.4,1.0,0.7
2025-11-29T11:20:36.851077,24.181,1.64,2.34,1.57,0.36,0.2,93.242,0.942,2.4,1.0,0.7
2025-11-29T11:20:36.904609,24.234,1.62,2.34,1.56,0.348,0.2,93.201,0.927,2.4,1.0,0.7
2025-11-29T11:20:36.963977,24.293,1.6,2.34,1.56,0.32,0.2,93.192,0.904,2.4,1.0,0.7
2025-11-29T11:20:37.016806,24.346,1.59,2.34,1.56,0.347,0.2,92.985,0.888,2.4,1.0,0.7
2025-11-29T11:20:37.077204,24.407,1.56,2.34,1.56,0.343,0.2,92.942,0.865,2.4,1.0,0.7
2025-11-29T11:20:37.131823,24.461,1.55,2.34,1.56,0.366,0.2,92.87,0.849,2.4,1.0,0.7
2025-11-29T11:20:37.186354,24.516,1.52,2.34,1.56,0.339,0.2,92.794,0.827,2.4,1.0,0.7
2025-11-29T11:20:37.237146,24.567,1.5,2.34,1.55,0.361,0.2,92.706,0.804,2.4,1.0,0.7
2025-11-29T11:20:37.302641,24.632,1.49,2.34,1.55,0.379,0.2,92.439,0.788,2.4,1.0,0.7
2025-11-29T11:20:37.353566,24.683,1.46,2.35,1.55,0.357,0.2,92.326,0.765,2.4,1.0,0.7
2025-11-29T11:20:37.407404,24.737,1.45,2.35,1.55,0.343,0.2,92.304,0.749,2.4,1.0,0.7
2025-11-29T11:20:37.468683,24.798,1.42,2.35,1.55,0.373,0.2,92.271,0.726,2.4,1.0,0.7
2025-11-29T11:20:37.533233,24.863,1.4,2.35,1.54,0.344,0.2,92.047,0.704,2.4,1.0,0.7
2025-11-29T11:20:37.587930,24.917,1.39,2.35,1.54,0.339,0.2,92.02,0.688,2.4,1.0,0.7
2025-11-29T11:20:37.634755,24.964,1.36,2.35,1.54,0.368,0.2,91.841,0.666,2.4,1.0,0.7
2025-11-29T11:20:37.687866,25.017,1.35,2.35,1.54,0.336,0.2,91.777,0.651,2.4,1.0,0.7
2025-11-29T11:20:37.749759,25.079,1.33,2.35,1.54,0.345,0.2,91.614,0.628,2.4,1.0,0.7
2025-11-29T11:20:37.799735,25.129,1.31,2.35,1.54,0.335,0.2,91.583,0.614,2.4,1.0,0.7
2025-11-29T11:20:37.857748,25.187,1.29,2.35,1.54,0.34,0.2,91.543,0.591,2.4,1.0,0.7
2025-11-29T11:20:37.912574,25.242,1.27,2.35,1.54,0.351,0.2,91.489,0.576,2.4,1.0,0.7
2025-11-29T11:20:37.960863,25.29,1.25,2.35,1.54,0.351,0.2,91.485,0.552,2.4,1.0,0.7
2025-11-29T11:20:38.015569,25.345,1.23,2.35,1.54,0.352,0.2,91.555,0.536,2.4,1.0,0.7
2025-11-29T11:20:38.070672,25.4,1.21,2.35,1.54,0.344,0.2,91.541,0.515,2.4,1.0,0.7
2025-11-29T11:20:38.151035,25.48,1.2,2.35,1.54,0.323,0.2,91.514,0.5,2.4,1.0,0.7
2025-11-29T11:20:38.184309,25.514,1.17,2.35,1.54,0.388,0.2,91.409,0.476,2.4,1.0,0.7
2025-11-29T11:20:38.235615,25.565,1.16,2.35,1.54,0.354,0.2,91.379,0.461,2.4,1.0,0.7
2025-11-29T11:20:38.290442,25.62,1.14,2.36,1.54,0.329,0.2,91.334,0.438,2.4,1.0,0.7
2025-11-29T11:20:38.346364,25.676,1.12,2.36,1.54,0.333,0.2,91.399,0.423,2.4,1.0,0.7
2025-11-29T11:20:38.402385,25.732,1.1,2.36,1.54,0.351,0.2,91.393,0.4,2.4,1.0,0.7
2025-11-29T11:20:38.455578,25.785,1.08,2.36,1.54,0.396,0.2,91.35,0.384,2.4,1.0,0.7
2025-11-29T11:20:38.510437,25.84,1.06,2.36,1.54,0.34,0.2,91.332,0.362,2.4,1.0,0.7
2025-11-29T11:20:38.564769,25.894,1.04,2.36,1.54,0.345,0.2,91.291,0.339,2.4,1.0,0.7
2025-11-29T11:20:38.618857,25.948,1.02,2.36,1.54,0.365,0.2,91.264,0.323,2.4,1.0,0.7
2025-11-29T11:20:38.682008,26.011,1.01,2.36,1.54,0.337,0.2,91.371,0.309,2.4,1.0,0.7
2025-11-29T11:20:38.729031,26.058,0.98,2.36,1.55,0.355,0.2,91.385,0.285,2.4,1.0,0.7
2025-11-29T11:20:38.790342,26.12,0.97,2.36,1.55,0.34,0.2,91.363,0.271,2.4,1.0,0.7
2025-11-29T11:20:38.837529,26.167,0.95,2.36,1.55,0.336,0.2,91.365,0.248,2.4,1.0,0.7
2025-11-29T11:20:38.891409,26.221,0.93,2.36,1.55,0.375,0.2,91.372,0.232,2.4,1.0,0.7
2025-11-29T11:20:38.948395,26.278,0.91,2.36,1.55,0.327,0.2,91.483,0.21,2.4,1.0,0.7
2025-11-29T11:20:39.001127,26.331,0.89,2.36,1.55,0.364,0.2,91.464,0.194,2.4,1.0,0.7
2025-11-29T11:20:39.055245,26.385,0.87,2.36,1.55,0.359,0.2,91.426,0.172,2.4,1.0,0.7
2025-11-29T11:20:39.117458,26.447,0.85,2.36,1.55,0.349,0.2,91.398,0.148,2.4,1.0,0.7
2025-11-29T11:20:39.167392,26.497,0.83,2.36,1.55,0.379,0.2,91.423,0.132,2.4,1.0,0.7
2025-11-29T11:20:39.222106,26.552,0.81,2.36,1.55,0.362,0.2,91.396,0.109,2.4,1.0,0.7
2025-11-29T11:20:39.279546,26.609,0.79,2.36,1.55,0.326,0.2,91.497,0.094,2.4,1.0,0.7
2025-11-29T11:20:39.326478,26.656,0.78,2.36,1.55,0.359,0.2,91.511,0.079,2.4,1.0,0.7
2025-11-29T11:20:39.382746,26.712,0.75,2.36,1.56,0.351,0.2,91.504,0.055,2.4,1.0,0.7
2025-11-29T11:20:39.446395,26.776,0.74,2.36,1.56,0.372,0.2,91.489,0.039,2.4,1.0,0.7
2025-11-29T11:20:39.498404,26.828,0.71,2.37,1.56,0.36,0.2,91.541,0.016,2.4,1.0,0.7
2025-11-29T11:20:39.546625,26.876,0.7,2.37,1.56,0.332,0.2,91.559,0.0,2.4,1.0,0.7
2025-11-29T11:20:39.600532,26.93,0.68,2.37,1.56,0.36,0.2,91.541,-0.023,2.4,1.0,0.7
2025-11-29T11:20:39.654396,26.984,0.66,2.37,1.56,0.356,0.2,91.558,-0.038,2.4,1.0,0.7
2025-11-29T11:20:39.708901,27.038,0.64,2.37,1.56,0.335,0.2,91.541,-0.061,2.4,1.0,0.7
2025-11-29T11:20:39.763715,27.093,0.61,2.37,1.56,0.392,0.2,91.561,-0.084,2.4,1.0,0.7
2025-11-29T11:20:39.817195,27.147,0.6,2.37,1.56,0.351,0.2,91.55,-0.1,2.4,1.0,0.7
2025-11-29T11:20:39.871794,27.201,0.58,2.37,1.56,0.335,0.2,91.535,-0.122,2.4,1.0,0.7
2025-11-29T11:20:39.941878,27.271,0.55,2.37,1.56,0.388,0.2,91.568,-0.145,2.4,1.0,0.7
2025-11-29T11:20:40.000360,27.33,0.54,2.37,1.56,0.364,0.2,91.588,-0.16,2.4,1.0,0.7
2025-11-29T11:20:40.048184,27.378,0.51,2.37,1.56,0.347,0.2,91.565,-0.185,2.4,1.0,0.7
2025-11-29T11:20:40.112311,27.442,0.49,2.37,1.56,0.396,0.2,91.969,0.49,2.4,1.0,0.7
2025-11-29T11:20:40.167306,27.497,0.48,2.37,1.56,0.36,0.2,91.961,0.475,2.4,1.0,0.7
2025-11-29T11:20:40.224367,27.554,0.45,2.37,1.56,0.324,0.2,91.952,0.452,2.4,1.0,0.7
2025-11-29T11:20:40.357852,27.687,0.44,2.37,1.56,0.357,0.2,91.945,0.436,2.4,1.0,0.7
2025-11-29T11:20:40.359472,27.689,0.41,2.37,1.56,0.355,0.2,91.936,0.413,2.4,1.0,0.7
2025-11-29T11:20:40.389999,27.719,0.4,2.37,1.57,0.388,0.2,91.931,0.397,2.4,1.0,0.7
2025-11-29T11:20:40.499482,27.829,0.37,2.37,1.57,0.349,0.2,91.927,0.374,2.4,1.0,0.7
2025-11-29T11:20:40.500940,27.83,0.36,2.37,1.57,0.332,0.2,91.924,0.359,2.4,1.0,0.7
2025-11-29T11:20:40.607135,27.937,0.33,2.37,1.57,0.386,0.2,91.92,0.335,2.4,1.0,0.7
2025-11-29T11:20:40.609433,27.939,0.32,2.37,1.57,0.364,0.2,91.917,0.32,2.4,1.0,0.7
2025-11-29T11:20:40.726166,28.056,0.3,2.37,1.57,0.346,0.2,91.914,0.296,2.4,1.0,0.7
2025-11-29T11:20:40.727675,28.057,0.28,2.37,1.57,0.356,0.2,91.913,0.28,2.4,1.0,0.7
2025-11-29T11:20:40.791431,28.121,0.26,2.37,1.57,0.363,0.2,91.913,0.256,2.4,1.0,0.7
2025-11-29T11:20:40.830748,28.16,0.24,2.37,1.57,0.383,0.2,91.914,0.24,2.4,1.0,0.7
2025-11-29T11:20:40.906779,28.236,0.21,2.37,1.57,0.394,0.2,91.915,0.215,2.4,1.0,0.7
2025-11-29T11:20:40.938786,28.268,0.2,2.37,1.57,0.37,0.2,91.916,0.198,2.4,1.0,0.7
2025-11-29T11:20:40.989743,28.319,0.17,2.37,1.57,0.366,0.2,91.916,0.173,2.4,1.0,0.7
2025-11-29T11:20:41.046970,28.376,0.16,2.37,1.57,0.356,0.2,91.916,0.157,2.4,1.0,0.7
2025-11-29T11:20:41.105471,28.435,0.13,2.37,1.57,0.372,0.2,91.92,0.132,2.4,1.0,0.7
2025-11-29T11:20:41.172368,28.502,0.11,2.37,1.58,0.395,0.2,91.926,0.106,2.4,1.0,0.7
2025-11-29T11:20:41.215532,28.545,0.09,2.37,1.58,0.407,0.2,91.931,0.089,2.4,1.0,0.7
2025-11-29T11:20:41.268267,28.598,0.06,2.37,1.58,0.4,0.2,91.942,0.063,2.4,1.0,0.7
2025-11-29T11:20:41.340831,28.67,0.05,2.37,1.58,0.367,0.2,91.951,0.046,2.4,1.0,0.7
2025-11-29T11:20:41.376949,28.706,0.03,2.37,1.58,0.379,0.2,91.959,0.03,2.4,1.0,0.7
2025-11-29T11:20:41.441978,28.771,0.01,2.37,1.58,0.347,0.2,91.974,0.006,2.4,1.0,0.7
2025-11-29T11:20:41.487358,28.817,-0.01,2.37,1.58,0.371,0.2,91.985,-0.011,2.4,1.0,0.7
2025-11-29T11:20:41.544765,28.874,-0.03,2.37,1.59,0.369,0.2,92.003,-0.034,2.4,1.0,0.7
2025-11-29T11:20:41.600049,28.93,-0.05,2.37,1.59,0.336,0.2,92.017,-0.049,2.4,1.0,0.7
2025-11-29T11:20:41.666411,28.996,-0.07,2.37,1.59,0.345,0.2,92.037,-0.072,2.4,1.0,0.7
2025-11-29T11:20:41.708704,29.038,-0.09,2.37,1.59,0.336,0.2,92.05,-0.087,2.4,1.0,0.7
2025-11-29T11:20:41.766690,29.096,-0.11,2.37,1.59,0.344,0.0,0.0,-0.087,2.4,1.0,0.7
2025-11-29T11:20:41.820722,29.15,-0.13,2.37,1.59,0.391,0.0,0.0,-0.087,2.4,1.0,0.7
2025-11-29T11:20:41.876148,29.206,-0.14,2.37,1.59,0.112,0.0,0.0,-0.087,2.4,1.0,0.7
2025-11-29T11:20:41.927480,29.257,-0.14,2.37,1.59,0.112,0.0,0.0,-0.087,2.4,1.0,0.7
2025-11-29T11:20:41.984917,29.314,-0.16,2.37,1.59,0.204,0.0,0.0,-0.087,2.4,1.0,0.7
2025-11-29T11:20:42.037536,29.367,-0.17,2.36,1.59,0.166,0.0,0.0,-0.087,2.4,1.0,0.7
2025-11-29T11:20:42.092587,29.422,-0.17,2.36,1.6,0.111,0.0,0.0,-0.087,2.4,1.0,0.7
2025-11-29T11:20:42.181954,29.511,-0.18,2.36,1.6,0.049,0.0,0.0,-0.087,2.4,1.0,0.7
2025-11-29T11:20:42.203823,29.533,-0.18,2.36,1.6,0.019,0.0,0.0,-0.087,2.4,1.0,0.7
2025-11-29T11:20:42.263826,29.593,-0.18,2.36,1.6,0.0,0.0,0.0,-0.087,2.4,1.0,0.7
2025-11-29T11:20:42.328079,29.658,-0.18,2.36,1.6,0.0,0.0,0.0,-0.087,2.4,1.0,0.7
2025-11-29T11:20:42.370754,29.7,-0.18,2.36,1.6,0.0,0.0,0.0,-0.087,2.4,1.0,0.7
2025-11-29T11:20:42.423473,29.753,-0.18,2.36,1.6,0.0,0.0,0.0,-0.087,2.4,1.0,0.7
2025-11-29T11:20:42.484110,29.814,-0.18,2.36,1.6,0.0,0.0,0.0,-0.087,2.4,1.0,0.7
2025-11-29T11:20:42.532774,29.862,-0.18,2.36,1.6,0.0,0.0,0.0,-0.087,2.4,1.0,0.7
2025-11-29T11:20:42.588336,29.918,-0.18,2.36,1.6,0.0,0.0,0.0,-0.087,2.4,1.0,0.7
2025-11-29T11:20:42.648523,29.978,-0.18,2.36,1.6,0.0,0.0,0.0,-0.087,2.4,1.0,0.7
2025-11-29T11:20:42.711970,30.041,-0.18,2.36,1.6,0.0,0.0,0.0,-0.087,2.4,1.0,0.7
2025-11-29T11:20:42.756717,30.086,-0.18,2.36,1.6,0.0,0.0,0.0,-0.087,2.4,1.0,0.7
2025-11-29T11:20:42.807991,30.137,-0.18,2.36,1.6,0.0,0.0,0.0,-0.087,2.4,1.0,0.7
2025-11-29T11:20:42.862010,30.191,-0.18,2.36,1.6,0.0,0.0,0.0,-0.087,2.4,1.0,0.7
2025-11-29T11:20:42.915403,30.245,-0.18,2.36,1.6,0.0,0.0,0.0,-0.087,2.4,1.0,0.7
2025-11-29T11:20:42.974172,30.304,-0.18,2.36,1.6,0.0,0.0,0.0,-0.087,2.4,1.0,0.7
2025-11-29T11:20:43.025156,30.355,-0.18,2.36,1.6,0.0,0.0,0.0,-0.087,2.4,1.0,0.7
2025-11-29T11:20:43.085413,30.415,-0.18,2.36,1.6,0.0,0.0,0.0,-0.087,2.4,1.0,0.7
2025-11-29T11:20:43.145101,30.475,-0.18,2.36,1.6,0.0,0.0,0.0,-0.087,2.4,1.0,0.7
2025-11-29T11:20:43.197813,30.527,-0.18,2.36,1.6,0.0,0.0,0.0,-0.087,2.4,1.0,0.7
2025-11-29T11:20:43.250817,30.58,-0.18,2.36,1.6,0.0,0.0,0.0,-0.087,2.4,1.0,0.7
2025-11-29T11:20:43.306743,30.636,-0.18,2.36,1.6,0.0,0.0,0.0,-0.087,2.4,1.0,0.7
2025-11-29T11:20:43.362906,30.692,-0.18,2.36,1.6,0.0,0.0,0.0,-0.087,2.4,1.0,0.7
2025-11-29T11:20:43.414542,30.744,-0.18,2.36,1.6,0.0,0.0,0.0,-0.087,2.4,1.0,0.7
2025-11-29T11:20:43.482017,30.811,-0.18,2.36,1.6,0.0,0.0,0.0,-0.087,2.4,1.0,0.7
2025-11-29T11:20:43.521317,30.851,-0.18,2.36,1.6,0.0,0.0,0.0,-0.087,2.4,1.0,0.7
2025-11-29T11:20:43.575906,30.905,-0.18,2.36,1.6,0.0,0.0,0.0,-0.087,2.4,1.0,0.7
2025-11-29T11:20:43.631385,30.961,-0.18,2.36,1.6,0.0,0.0,0.0,-0.087,2.4,1.0,0.7
2025-11-29T11:20:43.684258,31.014,-0.18,2.36,1.6,0.0,0.0,0.0,-0.087,2.4,1.0,0.7
2025-11-29T11:20:43.783269,31.113,-0.18,2.36,1.6,0.0,0.0,0.0,-0.087,2.4,1.0,0.7
2025-11-29T11:20:43.800738,31.13,-0.18,2.36,1.6,0.0,0.0,0.0,-0.087,2.4,1.0,0.7
2025-11-29T11:20:43.914657,31.244,-0.18,2.36,1.6,0.0,0.0,0.0,-0.087,2.4,1.0,0.7
2025-11-29T11:20:43.914899,31.244,-0.18,2.36,1.6,0.0,0.0,0.0,-0.087,2.4,1.0,0.7
2025-11-29T11:20:44.044207,31.374,-0.18,2.36,1.6,0.0,0.0,0.0,-0.087,2.4,1.0,0.7
2025-11-29T11:20:44.045916,31.375,-0.18,2.36,1.6,0.0,0.0,0.0,-0.087,2.4,1.0,0.7
2025-11-29T11:20:44.067007,31.396,-0.18,2.36,1.6,0.0,0.0,0.0,-0.087,2.4,1.0,0.7
2025-11-29T11:20:44.191684,31.521,-0.18,2.36,1.6,0.0,0.0,0.0,-0.087,2.4,1.0,0.7
2025-11-29T11:20:44.192250,31.522,-0.18,2.36,1.6,0.0,0.0,0.0,-0.087,2.4,1.0,0.7
2025-11-29T11:20:44.233215,31.563,-0.18,2.36,1.6,0.0,0.0,0.0,-0.087,2.4,1.0,0.7
2025-11-29T11:20:44.290501,31.62,-0.18,2.36,1.6,0.0,0.0,0.0,-0.087,2.4,1.0,0.7
2025-11-29T11:20:44.343444,31.673,-0.18,2.36,1.6,0.0,0.0,0.0,-0.087,2.4,1.0,0.7
2025-11-29T11:20:44.407451,31.737,-0.18,2.36,1.6,0.0,0.0,0.0,-0.087,2.4,1.0,0.7
2025-11-29T11:20:44.456428,31.786,-0.18,2.36,1.6,0.0,0.0,0.0,-0.087,2.4,1.0,0.7
2025-11-29T11:20:44.508708,31.838,-0.18,2.36,1.6,0.0,0.0,0.0,-0.087,2.4,1.0,0.7
2025-11-29T11:20:44.557229,31.887,-0.18,2.36,1.6,0.0,0.0,0.0,-0.087,2.4,1.0,0.7
2025-11-29T11:20:44.618384,31.948,-0.18,2.36,1.6,0.0,0.0,0.0,-0.087,2.4,1.0,0.7
2025-11-29T11:20:44.668788,31.998,-0.18,2.36,1.6,0.0,0.0,0.0,-0.087,2.4,1.0,0.7
2025-11-29T11:20:44.732883,32.062,-0.18,2.36,1.6,0.0,0.0,0.0,-0.087,2.4,1.0,0.7
2025-11-29T11:20:44.782553,32.112,-0.18,2.36,1.6,0.0,0.0,0.0,-0.087,2.4,1.0,0.7
2025-11-29T11:20:44.835003,32.164,-0.18,2.36,1.6,0.0,0.0,0.0,-0.087,2.4,1.0,0.7
2025-11-29T11:20:44.890393,32.22,-0.18,2.36,1.6,0.0,0.0,0.0,-0.087,2.4,1.0,0.7
2025-11-29T11:20:44.943596,32.273,-0.18,2.36,1.6,0.0,0.0,0.0,-0.087,2.4,1.0,0.7
2025-11-29T11:20:45.000372,32.33,-0.18,2.36,1.6,0.0,0.0,0.0,-0.087,2.4,1.0,0.7
2025-11-29T11:20:45.058820,32.388,-0.18,2.36,1.6,0.0,0.0,0.0,-0.087,2.4,1.0,0.7
2025-11-29T11:20:45.107592,32.437,-0.18,2.36,1.6,0.0,0.0,0.0,-0.087,2.4,1.0,0.7
2025-11-29T11:20:45.165630,32.495,-0.18,2.36,1.6,0.0,0.0,0.0,-0.087,2.4,1.0,0.7
2025-11-29T11:20:45.219988,32.549,-0.18,2.36,1.6,0.0,0.0,0.0,-0.087,2.4,1.0,0.7
2025-11-29T11:20:45.282508,32.612,-0.18,2.36,1.6,0.0,0.0,0.0,-0.087,2.4,1.0,0.7
2025-11-29T11:20:45.325840,32.655,-0.18,2.36,1.6,0.0,0.0,0.0,-0.087,2.4,1.0,0.7
2025-11-29T11:20:45.382636,32.712,-0.18,2.36,1.6,0.0,0.0,0.0,-0.087,2.4,1.0,0.7
2025-11-29T11:20:45.486729,32.816,-0.18,2.36,1.6,0.0,0.0,0.0,-0.087,2.4,1.0,0.7
2025-11-29T11:20:45.493004,32.822,-0.18,2.36,1.6,0.0,0.0,0.0,-0.087,2.4,1.0,0.7
2025-11-29T11:20:45.548197,32.878,-0.18,2.36,1.6,0.0,0.0,0.0,-0.087,2.4,1.0,0.7
2025-11-29T11:20:45.599778,32.929,-0.18,2.36,1.6,0.0,0.0,0.0,-0.087,2.4,1.0,0.7
2025-11-29T11:20:45.653343,32.983,-0.18,2.36,1.6,0.0,0.0,0.0,-0.087,2.4,1.0,0.7
2025-11-29T11:20:45.706822,33.036,-0.18,2.36,1.6,0.0,0.0,0.0,-0.087,2.4,1.0,0.7
2025-11-29T11:20:45.764118,33.094,-0.18,2.36,1.6,0.0,0.0,0.0,-0.087,2.4,1.0,0.7
2025-11-29T11:20:45.817156,33.147,-0.18,2.36,1.6,0.0,0.0,0.0,-0.087,2.4,1.0,0.7
2025-11-29T11:20:45.872168,33.202,-0.18,2.36,1.6,0.0,0.0,0.0,-0.087,2.4,1.0,0.7
2025-11-29T11:20:45.930512,33.26,-0.18,2.36,1.6,0.0,0.0,0.0,-0.087,2.4,1.0,0.7
2025-11-29T11:20:45.991934,33.321,-0.18,2.36,1.6,0.0,0.0,0.0,-0.087,2.4,1.0,0.7
2025-11-29T11:20:46.037449,33.367,-0.18,2.36,1.6,0.0,0.0,0.0,-0.087,2.4,1.0,0.7
2025-11-29T11:20:46.089796,33.419,-0.18,2.36,1.6,0.0,0.0,0.0,-0.087,2.4,1.0,0.7
